user_id,login_time,logout_time
user1,2025-06-18 9:15,2025-06-18 10:45
user2,2025-06-18 8:50,2025-06-18 9:20
user3,2025-06-19 14:00,2025-06-19 15:10
user4,2025-06-18 13:00,2025-06-18 14:00
user5,2025-06-19 11:30,2025-06-19 12:00
user6,2025-06-19 16:00,2025-06-19 17:30
user7,2025-06-18 9:15,2025-06-18 10:45
user8,2025-06-18 8:50,2025-06-18 9:20
user9,2025-06-19 14:00,2025-06-19 15:10
user10,2025-06-18 13:00,2025-06-18 14:00
user11,2025-06-19 11:30,2025-06-19 12:00
user12,2025-06-19 16:00,2025-06-19 17:30
user13,2025-06-18 9:15,2025-06-18 10:45
user14,2025-06-18 8:50,2025-06-18 9:20
user15,2025-06-19 14:00,2025-06-19 15:10
user16,2025-06-18 13:00,2025-06-18 14:00
user17,2025-06-19 11:30,2025-06-19 12:00
user18,2025-06-19 16:00,2025-06-19 17:30
user19,2025-06-18 9:15,2025-06-18 10:45
user20,2025-06-18 8:50,2025-06-18 9:20
user21,2025-06-19 14:00,2025-06-19 15:10
user22,2025-06-18 13:00,2025-06-18 14:00
user23,2025-06-19 11:30,2025-06-19 12:00
user24,2025-06-19 16:00,2025-06-19 17:30
user25,2025-06-18 9:15,2025-06-18 10:45
user26,2025-06-18 8:50,2025-06-18 9:20
user27,2025-06-19 14:00,2025-06-19 15:10
user28,2025-06-18 13:00,2025-06-18 14:00
user29,2025-06-18 8:50,2025-06-18 9:20
user30,2025-06-19 14:00,2025-06-19 15:10
user31,2025-06-18 13:00,2025-06-18 14:00
user32,2025-06-18 8:50,2025-06-18 9:20
user33,2025-06-19 14:00,2025-06-19 15:10
user34,2025-06-18 13:00,2025-06-18 14:00
user35,2025-06-18 8:50,2025-06-18 9:20
user36,2025-06-19 14:00,2025-06-19 15:10
user37,2025-06-18 13:00,2025-06-18 14:00
user38,2025-06-18 8:50,2025-06-18 9:20
user39,2025-06-19 14:00,2025-06-19 15:10
user40,2025-06-18 13:00,2025-06-18 14:00
user41,2025-06-18 8:50,2025-06-18 9:20
user42,2025-06-19 14:00,2025-06-19 15:10
user43,2025-06-18 13:00,2025-06-18 14:00
user44,2025-06-18 8:50,2025-06-18 9:20
user45,2025-06-19 14:00,2025-06-19 15:10
user46,2025-06-18 13:00,2025-06-18 14:00
user47,2025-06-18 8:50,2025-06-18 9:20
user48,2025-06-19 14:00,2025-06-19 15:10
user49,2025-06-18 13:00,2025-06-18 14:00
